{"cameraMode":{"drawMode":0,"name":"Shaded","section":"Shading Mode"},"sceneLighting":false,"audioPlay":false,"sceneViewState":{"m_AlwaysRefresh":false,"showFog":true,"showSkybox":false,"showFlares":true,"showImageEffects":true,"showParticleSystems":true,"showVisualEffectGraphs":true,"m_FxEnabled":true},"in2DMode":false,"pivot":{"x":2.5899999141693117,"y":2.299999952316284,"z":-3.190000057220459},"rotation":{"x":-0.26124411821365359,"y":0.002024628221988678,"z":-0.0005468465387821198,"w":-0.9652766585350037},"size":0.8660253882408142,"orthographic":false}