{"cameraMode":{"drawMode":0,"name":"Shaded","section":"Shading Mode"},"sceneLighting":false,"audioPlay":false,"sceneViewState":{"m_AlwaysRefresh":false,"showFog":true,"showSkybox":false,"showFlares":true,"showImageEffects":true,"showParticleSystems":true,"showVisualEffectGraphs":true,"m_FxEnabled":true},"in2DMode":false,"pivot":{"x":0.028188705444335939,"y":2.1199989318847658,"z":-6.209999084472656},"rotation":{"x":-0.35817089676856997,"y":-0.003643923671916127,"z":0.0013977456837892533,"w":-0.9336522221565247},"size":52.32526397705078,"orthographic":false}